Workbook

Sheet firewall_logs
A1: Timestamp | B1: Source IP | C1: Destination IP | D1: Port | E1: Protocol | F1: Action | G1: Date | H1: Time | I1: Threat Match
A2: 45499.631 | B2: 47.115.158.4 | C2: 133.85.75.26 | D2: 37288 | E2: TCP | F2: Blocked | G2: =TEXT(A2,"YYYY-MM-DD") -> 2024-07-26 | H2: =TEXT(A2,"HH:MM") -> 15:08 | I2: =IFERROR(VLOOKUP(C2,threat_intelligence!A:B,2,0),"CLEAN") -> CLEAN
A3: 45500.276 | B3: 91.117.72.15 | C3: 123.115.171.59 | D3: 22324 | E3: UDP | F3: Blocked | G3: =TEXT(A3,"YYYY-MM-DD") -> 2024-07-27 | H3: =TEXT(A3,"HH:MM") -> 06:37 | I3: =IFERROR(VLOOKUP(C3,threat_intelligence!A:B,2,0),"CLEAN") -> CLEAN
A4: 45499.769 | B4: 1.63.10.148 | C4: 28.149.80.100 | D4: 35893 | E4: ICMP | F4: Blocked | G4: =TEXT(A4,"YYYY-MM-DD") -> 2024-07-26 | H4: =TEXT(A4,"HH:MM") -> 18:27 | I4: =IFERROR(VLOOKUP(C4,threat_intelligence!A:B,2,0),"CLEAN") -> CLEAN
A5: 45500.156 | B5: 188.20.226.186 | C5: 104.220.172.94 | D5: 11218 | E5: UDP | F5: Allowed | G5: =TEXT(A5,"YYYY-MM-DD") -> 2024-07-27 | H5: =TEXT(A5,"HH:MM") -> 03:44 | I5: =IFERROR(VLOOKUP(C5,threat_intelligence!A:B,2,0),"CLEAN") -> CLEAN
A6: 45500.045 | B6: 33.238.139.126 | C6: 209.58.28.19 | D6: 56373 | E6: UDP | F6: Blocked | G6: =TEXT(A6,"YYYY-MM-DD") -> 2024-07-27 | H6: =TEXT(A6,"HH:MM") -> 01:05 | I6: =IFERROR(VLOOKUP(C6,threat_intelligence!A:B,2,0),"CLEAN") -> CLEAN
A7: 45500.174 | B7: 188.58.232.131 | C7: 186.195.199.86 | D7: 65367 | E7: TCP | F7: Blocked | G7: =TEXT(A7,"YYYY-MM-DD") -> 2024-07-27 | H7: =TEXT(A7,"HH:MM") -> 04:11 | I7: =IFERROR(VLOOKUP(C7,threat_intelligence!A:B,2,0),"CLEAN") -> CLEAN
A8: 45499.683 | B8: 186.39.241.206 | C8: 141.82.39.224 | D8: 24298 | E8: TCP | F8: Allowed | G8: =TEXT(A8,"YYYY-MM-DD") -> 2024-07-26 | H8: =TEXT(A8,"HH:MM") -> 16:24 | I8: =IFERROR(VLOOKUP(C8,threat_intelligence!A:B,2,0),"CLEAN") -> CLEAN
A9: 45499.581 | B9: 142.9.234.6 | C9: 99.166.170.128 | D9: 33407 | E9: UDP | F9: Allowed | G9: =TEXT(A9,"YYYY-MM-DD") -> 2024-07-26 | H9: =TEXT(A9,"HH:MM") -> 13:57 | I9: =IFERROR(VLOOKUP(C9,threat_intelligence!A:B,2,0),"CLEAN") -> CLEAN
A10: 45500.056 | B10: 201.149.158.14 | C10: 186.140.29.43 | D10: 21041 | E10: ICMP | F10: Allowed | G10: =TEXT(A10,"YYYY-MM-DD") -> 2024-07-27 | H10: =TEXT(A10,"HH:MM") -> 01:21 | I10: =IFERROR(VLOOKUP(C10,threat_intelligence!A:B,2,0),"CLEAN") -> CLEAN
A11: 45500.267 | B11: 112.248.70.44 | C11: 200.84.51.240 | D11: 54724 | E11: ICMP | F11: Blocked | G11: =TEXT(A11,"YYYY-MM-DD") -> 2024-07-27 | H11: =TEXT(A11,"HH:MM") -> 06:24 | I11: =IFERROR(VLOOKUP(C11,threat_intelligence!A:B,2,0),"CLEAN") -> CLEAN
A12: 45500.027 | B12: 210.185.114.161 | C12: 183.159.130.24 | D12: 26551 | E12: ICMP | F12: Blocked | G12: =TEXT(A12,"YYYY-MM-DD") -> 2024-07-27 | H12: =TEXT(A12,"HH:MM") -> 00:39 | I12: =IFERROR(VLOOKUP(C12,threat_intelligence!A:B,2,0),"CLEAN") -> CLEAN
A13: 45499.742 | B13: 75.95.167.231 | C13: 176.106.55.147 | D13: 40132 | E13: UDP | F13: Allowed | G13: =TEXT(A13,"YYYY-MM-DD") -> 2024-07-26 | H13: =TEXT(A13,"HH:MM") -> 17:48 | I13: =IFERROR(VLOOKUP(C13,threat_intelligence!A:B,2,0),"CLEAN") -> CLEAN
... A501: 45500.256 | B501: 217.66.145.151 | C501: 125.59.206.158 | D501: 40165 | E501: TCP | F501: Allowed | G501: =TEXT(A501,"YYYY-MM-DD") -> 2024-07-27 | H501: =TEXT(A501,"HH:MM") -> 06:09 | I501: =IFERROR(VLOOKUP(C501,threat_intelligence!A:B,2,0),"CLEAN") -> CLEAN

Sheet Pivot Table_firewall_logs_1
A1: Protocol | B1: - all -
A3: Count - Source IP | B3: Action
A4: Date | B4: Allowed | C4: Blocked | D4: Total Result
A5: 2024-07-26 | B5: 159 | C5: 180 | D5: 339
A6: 2024-07-27 | B6: 79 | C6: 82 | D6: 161
A7: Total Result | B7: 238 | C7: 262 | D7: 500

Sheet vulnerability_scan
A1: Hostname | B1: IP Address | C1: Vulnerability ID | D1: Severity | E1: Operating System | F1: Threat Status
A2: lt-01.ross.com | B2: 1.179.180.145 | C2: CVE-2024-9968 | D2: 2 | E2: Windows 10 | F2: =IFERROR(VLOOKUP(C2, threat_intelligence A:B, 2, 0), "Not Exploited") -> Not Exploited
A3: web-49.melton-garcia.net | B3: 1.94.94.193 | C3: CVE-2020-2559 | D3: 3 | E3: Linux | F3: =IFERROR(VLOOKUP(C3, threat_intelligence A:B, 2, 0), "Not Exploited") -> Not Exploited | H3: Operating System | I3: # of SEVERE Vulnerabilities | J3: # of Hosts | K3: Percentage | L3: Sparklines
A4: desktop-12.cook.org | B4: 101.236.106.138 | C4: CVE-2023-2563 | D4: 1 | E4: Windows 11 | F4: =IFERROR(VLOOKUP(C4, threat_intelligence A:B, 2, 0), "Not Exploited") -> Not Exploited | H4: Linux | I4: =COUNTIFS(E:E,H4,D:D,">7") -> 16 | J4: =COUNTIF(E:E,H4) -> 56 | K4: =I4/J4 -> 0.28571429
A5: laptop-56.middleton-yang.com | B5: 102.37.1.36 | C5: CVE-2022-5568 | D5: 4 | E5: Windows 11 | F5: =IFERROR(VLOOKUP(C5, threat_intelligence A:B, 2, 0), "Not Exploited") -> Not Exploited | H5: Windows 10 | I5: =COUNTIFS(E:E,H5,D:D,">7") -> 15 | J5: =COUNTIF(E:E,H5) -> 55 | K5: =I5/J5 -> 0.27272727
A6: laptop-94.adams-flores.net | B6: 105.241.33.86 | C6: CVE-2022-7609 | D6: 8 | E6: Windows 10 | F6: =IFERROR(VLOOKUP(C6, threat_intelligence A:B, 2, 0), "Not Exploited") -> Not Exploited | H6: Windows 11 | I6: =COUNTIFS(E:E,H6,D:D,">7") -> 15 | J6: =COUNTIF(E:E,H6) -> 65 | K6: =I6/J6 -> 0.23076923
A7: web-04.santos-francis.info | B7: 106.193.20.41 | C7: CVE-2023-4164 | D7: 4 | E7: Windows Server 2022 | F7: =IFERROR(VLOOKUP(C7, threat_intelligence A:B, 2, 0), "Not Exploited") -> Not Exploited | H7: Windows Server 2019 | I7: =COUNTIFS(E:E,H7,D:D,">7") -> 13 | J7: =COUNTIF(E:E,H7) -> 58 | K7: =I7/J7 -> 0.22413793
A8: web-22.patton-rojas.org | B8: 106.244.158.138 | C8: CVE-2022-3672 | D8: 1 | E8: Windows 11 | F8: =IFERROR(VLOOKUP(C8, threat_intelligence A:B, 2, 0), "Not Exploited") -> Not Exploited | H8: Windows Server 2022 | I8: =COUNTIFS(E:E,H8,D:D,">7") -> 16 | J8: =COUNTIF(E:E,H8) -> 66 | K8: =I8/J8 -> 0.24242424
A9: srv-57.tucker-lee.com | B9: 106.40.232.124 | C9: CVE-2020-8421 | D9: 9 | E9: Windows Server 2022 | F9: =IFERROR(VLOOKUP(C9, threat_intelligence A:B, 2, 0), "Not Exploited") -> Not Exploited
A10: srv-30.lester.org | B10: 109.73.7.236 | C10: CVE-2021-6607 | D10: 6 | E10: Linux | F10: =IFERROR(VLOOKUP(C10, threat_intelligence A:B, 2, 0), "Not Exploited") -> Not Exploited | H10: Totals | I10: =SUM(I4:I8) -> 75 | J10: =SUM(J4:J8) -> 300 | K10: =I10/J10 -> 0.25
A11: srv-44.hernandez.org | B11: 11.85.38.159 | C11: CVE-2020-9830 | D11: 2 | E11: Windows 11 | F11: =IFERROR(VLOOKUP(C11, threat_intelligence A:B, 2, 0), "Not Exploited") -> Not Exploited
A12: web-54.bowman-bailey.com | B12: 111.99.52.157 | C12: CVE-2023-2814 | D12: 9 | E12: Windows Server 2019 | F12: =IFERROR(VLOOKUP(C12, threat_intelligence A:B, 2, 0), "Not Exploited") -> Not Exploited | H12: Vulnerable Threat Intelligence Status
A13: email-51.castillo-morgan.com | B13: 113.145.148.194 | C13: CVE-2020-6865 | D13: 8 | E13: Windows 10 | F13: =IFERROR(VLOOKUP(C13, threat_intelligence A:B, 2, 0), "Not Exploited") -> Not Exploited | H13: Not Exploited | I13: =COUNTIF(F:F,"Not Exploited") -> 300
A14: web-55.wagner.com | B14: 113.69.22.117 | C14: CVE-2023-5726 | D14: 7 | E14: Windows 11 | F14: =IFERROR(VLOOKUP(C14, threat_intelligence A:B, 2, 0), "Not Exploited") -> Not Exploited | H14: Exploited | I14: =COUNTA(F:F)-I13-1 -> 0
A15: db-92.mitchell.com | B15: 114.0.172.203 | C15: CVE-2021-8519 | D15: 3 | E15: Linux | F15: =IFERROR(VLOOKUP(C15, threat_intelligence A:B, 2, 0), "Not Exploited") -> Not Exploited
A16: web-47.nichols.info | B16: 114.250.115.196 | C16: CVE-2024-3478 | D16: 9 | E16: Windows 11 | F16: =IFERROR(VLOOKUP(C16, threat_intelligence A:B, 2, 0), "Not Exploited") -> Not Exploited
A17: srv-45.scott.com | B17: 115.62.189.109 | C17: CVE-2020-9234 | D17: 1 | E17: Windows Server 2022 | F17: =IFERROR(VLOOKUP(C17, threat_intelligence A:B, 2, 0), "Not Exploited") -> Not Exploited
A18: lt-39.miller-gregory.info | B18: 116.129.7.198 | C18: CVE-2021-7940 | D18: 2 | E18: Windows Server 2019 | F18: =IFERROR(VLOOKUP(C18, threat_intelligence A:B, 2, 0), "Not Exploited") -> Not Exploited
A19: email-31.cohen-williams.com | B19: 116.243.6.48 | C19: CVE-2024-8913 | D19: 8 | E19: Windows 11 | F19: =IFERROR(VLOOKUP(C19, threat_intelligence A:B, 2, 0), "Not Exploited") -> Not Exploited
A20: desktop-91.stout.com | B20: 116.83.104.232 | C20: CVE-2023-8579 | D20: 1 | E20: Windows 10 | F20: =IFERROR(VLOOKUP(C20, threat_intelligence A:B, 2, 0), "Not Exploited") -> Not Exploited
A21: lt-21.ross-jacobs.com | B21: 119.147.116.10 | C21: CVE-2023-1438 | D21: 3 | E21: Windows Server 2022 | F21: =IFERROR(VLOOKUP(C21, threat_intelligence A:B, 2, 0), "Not Exploited") -> Not Exploited
A22: laptop-65.knight-thompson.net | B22: 119.54.188.36 | C22: CVE-2022-5383 | D22: 3 | E22: Linux | F22: =IFERROR(VLOOKUP(C22, threat_intelligence A:B, 2, 0), "Not Exploited") -> Not Exploited
A23: srv-03.brooks.com | B23: 12.98.189.254 | C23: CVE-2021-5738 | D23: 9 | E23: Windows Server 2022 | F23: =IFERROR(VLOOKUP(C23, threat_intelligence A:B, 2, 0), "Not Exploited") -> Not Exploited
A24: srv-47.rodriguez.com | B24: 120.162.47.130 | C24: CVE-2024-4913 | D24: 1 | E24: Windows Server 2019 | F24: =IFERROR(VLOOKUP(C24, threat_intelligence A:B, 2, 0), "Not Exploited") -> Not Exploited
A25: srv-27.gutierrez.org | B25: 122.148.172.34 | C25: CVE-2021-9470 | D25: 8 | E25: Windows 11 | F25: =IFERROR(VLOOKUP(C25, threat_intelligence A:B, 2, 0), "Not Exploited") -> Not Exploited
A26: laptop-11.boyle-hull.com | B26: 122.192.210.204 | C26: CVE-2020-3762 | D26: 8 | E26: Windows 11 | F26: =IFERROR(VLOOKUP(C26, threat_intelligence A:B, 2, 0), "Not Exploited") -> Not Exploited
... A301: desktop-31.brown.net | B301: 99.188.133.175 | C301: CVE-2021-2764 | D301: 4 | E301: Windows Server 2019 | F301: =IFERROR(VLOOKUP(C301, threat_intelligence A:B, 2, 0), "Not Exploited") -> Not Exploited

Sheet threat_intelligence
A1: IOC | B1: Threat Type
A2: 00531cc82284bca44bc2b4a21262d6efbcdcc2468baa7434d60c0bf55885075d | B2: Known Attacker
A3: 0a17f6eacfe75365d1eea72b10f278e26f669a4db1e9b8fb4fc4693dd966d6dc | B3: Botnet C2
A4: 102.207.62.136 | B4: Malicious File Hash (SHA-256)
A5: 10e6c8bdd841b1e08b79705305b95ff4338da76b0127803a55ddf6093bc4ba61 | B5: Remote Code Execution
A6: 12.5.70.21 | B6: Malicious IP
A7: 123.180.207.75 | B7: Known Attacker
A8: 130.52.88.217 | B8: Botnet C2
A9: 133.182.126.245 | B9: Known Attacker
A10: 141.121.143.210 | B10: Phishing Domain
A11: 142.223.164.67 | B11: Known Attacker
A12: 146.49.216.228 | B12: Malicious File Hash (SHA-256)
... A201: wyatt.com | B201: Malicious File Hash (SHA-256)

Sheet Cybersecurity_Dashboard
C2: CYBERSECURITY PRO SERIES – Module 7: MS EXCEL DASHBOARD
K23: Count - Source IP | L23: Action
K24: Date | L24: Allowed | M24: Blocked | N24: Total Result
K25: 2024-07-26 | L25: 159 | M25: 180 | N25: 339
K26: 2024-07-27 | L26: 79 | M26: 82 | N26: 161
K27: Total Result | L27: 238 | M27: 262 | N27: 500
K30: Operating System | L30: # of SEVERE Vulnerabilities | M30: # of Hosts | N30: Percentage
K31: Linux | L31: =vulnerability_scan!I4 -> 16 | M31: =vulnerability_scan!J4 -> 56 | N31: =vulnerability_scan!K4 -> 0.28571429
K32: Windows 10 | L32: =vulnerability_scan!I5 -> 15 | M32: =vulnerability_scan!J5 -> 55 | N32: =vulnerability_scan!K5 -> 0.27272727
K33: Windows 11 | L33: =vulnerability_scan!I6 -> 15 | M33: =vulnerability_scan!J6 -> 65 | N33: =vulnerability_scan!K6 -> 0.23076923
K34: Windows Server 2019 | L34: =vulnerability_scan!I7 -> 13 | M34: =vulnerability_scan!J7 -> 58 | N34: =vulnerability_scan!K7 -> 0.22413793
K35: Windows Server 2022 | L35: =vulnerability_scan!I8 -> 16 | M35: =vulnerability_scan!J8 -> 66 | N35: =vulnerability_scan!K8 -> 0.24242424
K37: Totals | L37: =SUM(L31:L35) -> 75 | M37: =SUM(M31:M35) -> 300 | N37: =L37/M37 -> 0.25

Sheet Sheet6
